,0.2
2013-05-21,0.9969072164948454
2013-05-22,0.9989313935841749
2013-05-23,0.9968823035460536
2013-05-24,0.9968823035460536
2013-05-28,0.9978943667983846
2013-05-29,0.9978943667983846
2013-05-30,0.9973852370194058
2013-05-31,0.9943397859140031
2013-06-03,0.9923461221828471
2013-06-04,0.9923461221828471
2013-06-05,0.9898837248573313
2013-06-06,0.9903689619773595
2013-06-07,0.9923156331556934
2013-06-10,0.9942854904919827
2013-06-11,0.9893016033215968
2013-06-12,0.9844639426696574
2013-06-13,0.988223232188205
2013-06-14,0.9834143600121067
2013-06-17,0.9843487204491728
2013-06-18,0.9843487204491728
2013-06-19,0.9838788642580276
2013-06-20,0.978725213064295
2013-06-21,0.9791793778963435
2013-06-24,0.9746250552084536
2013-06-25,0.9746250552084536
2013-06-26,0.9741820438197224
2013-06-27,0.9772746852286739
2013-06-28,0.9772746852286739
2013-07-01,0.97952647021768
2013-07-02,0.9781565031264665
2013-07-03,0.9781565031264665
2013-07-05,0.981779304989898
2013-07-08,0.9877996497846473
2013-07-09,0.9892416930690043
2013-07-10,0.992636149858947
2013-07-11,0.9951115517289194
2013-07-12,0.9941063885453548
2013-07-15,0.9981027961374971
2013-07-16,0.992472472672106
2013-07-17,0.9959374638485174
2013-07-18,0.9969485678727292
2013-07-19,0.9979658623297424
2013-07-22,0.9995011944256342
2013-07-23,1.0010508086805576
2013-07-24,1.0010508086805576
2013-07-25,1.003136331198642
2013-07-26,1.0041922641788512
2013-07-29,1.0047235828371468
2013-07-30,1.0063226124119538
2013-07-31,1.010089595453068
2013-08-01,1.012841883179098
2013-08-02,1.0156397889337363
2013-08-05,1.0179157324383497
2013-08-06,1.0138786728762712
2013-08-07,1.0138786728762712
2013-08-08,1.0150052047350226
2013-08-09,1.0127370366797488
2013-08-12,1.013296559904434
2013-08-13,1.0110510273617095
2013-08-14,1.0088350251099578
2013-08-15,1.003913878646007
2013-08-16,1.0055073927390958
2013-08-19,1.0038985809107133
2013-08-20,1.0065543972623288
2013-08-21,1.0065543972623288
2013-08-22,1.0124911792300957
2013-08-23,1.0136099540137753
2013-08-26,1.0091050208848251
2013-08-27,0.9986849146909057
2013-08-28,0.9986849146909057
2013-08-29,0.997652682220941
2013-08-30,0.9961138863100603
2013-09-03,1.0006878786451576
2013-09-04,1.0017329834792519
2013-09-05,1.0017329834792519
2013-09-06,1.001207139393436
2013-09-09,1.0064490615892132
2013-09-10,1.010777874757339
2013-09-11,1.0146654819679441
2013-09-12,1.0140970419220237
2013-09-13,1.0140970419220237
2013-09-16,1.0163631805631903
2013-09-17,1.018085830021772
2013-09-18,1.0227266771101906
2013-09-19,1.0215339929386336
2013-09-20,1.0167964439858748
2013-09-23,1.0150681780754172
2013-09-24,1.016778967139589
2013-09-25,1.0162028884046659
2013-09-26,1.0190735180329276
2013-09-27,1.0161535366058991
2013-09-30,1.012134850302938
2013-10-01,1.0166207665369675
2013-10-02,1.012588842816991
2013-10-03,1.008650997317147
2013-10-04,1.0113993651572482
2013-10-07,1.0030176024625748
2013-10-08,0.9955681348580782
2013-10-09,0.9970958608962236
2013-10-10,1.0094310674227747
2013-10-11,1.0149773919690537
2013-10-14,1.0126836577499145
2013-10-15,1.0081576972683506
2013-10-16,1.0175230966418818
2013-10-17,1.0239372823513722
2013-10-18,1.0281784426924727
2013-10-21,1.0269359309792492
2013-10-22,1.0257023743054001
2013-10-23,1.024477655052498
2013-10-24,1.0263016508775176
2013-10-25,1.0250725471040116
2013-10-28,1.0244623848735925
2013-10-29,1.0244623848735925
2013-10-30,1.0238543953276735
2013-10-31,1.024460226330826
2013-11-01,1.0238522380659414
2013-11-04,1.0286988758792714
2013-11-05,1.0274519681509329
2013-11-06,1.0299277560259954
2013-11-07,1.0255317229210064
2013-11-08,1.030429784881226
2013-11-11,1.029169320312564
2013-11-12,1.029169320312564
2013-11-13,1.029169320312564
2013-11-14,1.0297949551577388
2013-11-15,1.0310508026640286
2013-11-18,1.032948442178134
2013-11-19,1.0297504593850129
2013-11-20,1.0347736323576227
2013-11-21,1.041240967559858
2013-11-22,1.045271577756864
2013-11-25,1.0473346137655946
2013-11-26,1.0480305171634454
2013-11-27,1.0466331431405609
2013-11-29,1.0459400086086796
2013-12-02,1.0452496191640535
2013-12-03,1.0411236338252479
2013-12-04,1.0424670191592158
2013-12-05,1.0411131658875803
2013-12-06,1.0478300250223387
2013-12-09,1.0506242384223983
2013-12-10,1.0492044759380437
2013-12-11,1.0414586710821252
2013-12-12,1.0407845877998714
2013-12-13,1.0407845877998714
2013-12-16,1.0374272181618074
2013-12-17,1.0400619539539644
2013-12-18,1.0541078067083267
2013-12-19,1.0548347776095048
2013-12-20,1.0548347776095048
2013-12-23,1.0628646617297155
2013-12-24,1.0705111700874832
2013-12-26,1.0705111700874832
2013-12-27,1.0657178364900766
2013-12-30,1.062606251566018
2013-12-31,1.061841786636834
2014-01-02,1.058035902096917
2014-01-03,1.060271189214023
2014-01-06,1.0625351134614551
2014-01-07,1.0663571822149136
2014-01-08,1.065575968162009
2014-01-09,1.0663537608394995
2014-01-10,1.07260345321072
2014-01-13,1.0636988207689706
2014-01-14,1.0744899682260471
2014-01-15,1.0736697468762562
2014-01-16,1.0687708735064787
2014-01-17,1.0687708735064787
2014-01-21,1.0719493742455315
2014-01-22,1.0863499016882263
2014-01-23,1.0808593245677804
2014-01-24,1.0504125830306599
2014-01-27,1.0517093886887225
2014-01-28,1.0634676303013915
2014-01-29,1.046676036138738
2014-01-30,1.0434849506627053
2014-01-31,1.0315773145890768
2014-02-03,1.0128213634147298
2014-02-04,1.0186239858092936
2014-02-05,1.0131621950006646
2014-02-06,1.0359120510763975
2014-02-07,1.0541928519777457
2014-02-10,1.0521524787158534
2014-02-11,1.060220101555847
2014-02-12,1.0672647533934274
2014-02-13,1.0665312380989989
2014-02-14,1.072375244883103
2014-02-18,1.0716200510486782
2014-02-19,1.0532709077184412
2014-02-20,1.0594263870492633
2014-02-21,1.0565918013982953
2014-02-24,1.0586840623911633
2014-02-25,1.0600956411410183
2014-02-26,1.0544038524637511
2014-02-27,1.0571604638427412
2014-02-28,1.0550601450404047
2014-03-03,1.036380391652804
2014-03-04,1.0551101577670114
2014-03-05,1.0544114093181591
2014-03-06,1.0558033715746846
2014-03-07,1.04948959725962
2014-03-10,1.0521979575106126
2014-03-11,1.0487594020939113
2014-03-12,1.0521316188209013
2014-03-13,1.0342522579781932
2014-03-14,1.0205453003423377
2014-03-17,1.0384192575799718
2014-03-18,1.047292437613782
2014-03-19,1.0419217071644806
2014-03-20,1.0451777124993697
2014-03-21,1.0418596880152449
2014-03-24,1.0425108503202545
2014-03-25,1.0457789094121674
2014-03-26,1.0411162008988648
2014-03-27,1.045008224079795
2014-03-28,1.0469987159351852
2014-03-31,1.0530390931425035
2014-04-01,1.062075072159568
2014-04-02,1.0606101410255548
2014-04-03,1.0627894769317718
2014-04-04,1.0569055213501426
2014-04-07,1.0476531497827677
2014-04-08,1.0523844865882381
2014-04-09,1.0614148485193584
2014-04-10,1.0416505720296876
2014-04-11,1.0285067162312056
2014-04-14,1.0364417828846215
2014-04-15,1.0441191294245076
2014-04-16,1.0565682421214921
2014-04-17,1.060555292091762
2014-04-21,1.063274664635587
2014-04-22,1.0653459789173447
2014-04-23,1.063250216335868
2014-04-24,1.061869371899068
2014-04-25,1.0604992178708113
2014-04-28,1.0659376753983538
2014-04-29,1.068742774544139
2014-04-30,1.068742774544139
2014-05-01,1.070167764910198
2014-05-02,1.070167764910198
2014-05-05,1.0744771653058094
2014-05-06,1.072269335514085
2014-05-07,1.0773580713436435
2014-05-08,1.0766099060163214
2014-05-09,1.082570376084232
2014-05-12,1.09104601603934
2014-05-13,1.09104601603934
2014-05-14,1.0950869272098562
2014-05-15,1.087648600911827
2014-05-16,1.0947937377061383
2014-05-19,1.0989250348295576
2014-05-20,1.0980797078796887
2014-05-21,1.1112061779508942
2014-05-22,1.1119942674388026
2014-05-23,1.1143686324226576
2014-05-27,1.1215839688915812
2014-05-28,1.1215839688915812
2014-05-29,1.1240856431716368
2014-05-30,1.1240856431716368
2014-06-02,1.125775997522271
2014-06-03,1.1240702763139039
2014-06-04,1.1257606075564812
2014-06-05,1.1351419459527852
2014-06-06,1.14680743630645
2014-06-09,1.1429847448520951
2014-06-10,1.1457953630771411
2014-06-11,1.1372375553861085
2014-06-12,1.1245004947657842
2014-06-13,1.1287599663368668
2014-06-16,1.1270167077015973
2014-06-17,1.1391073083972467
2014-06-18,1.1503600283668391
2014-06-19,1.1485484377709858
2014-06-20,1.1467538308369687
2014-06-23,1.1520875695850477
2014-06-24,1.142944017445484
2014-06-25,1.1507963045882392
2014-06-26,1.1489768637904714
2014-06-27,1.1507791804395544
2014-06-30,1.1544180078875845
2014-07-01,1.1609087115463903
2014-07-02,1.1637869976080755
2014-07-03,1.1667086386062546
2014-07-07,1.15978748566537
2014-07-08,1.1550146976585167
2014-07-09,1.1578090880560776
2014-07-10,1.1436318339166154
2014-07-11,1.1497898514838587
2014-07-14,1.1606969488892391
2014-07-15,1.157807246941797
2014-07-16,1.1800143695470742
2014-07-17,1.1614314660896399
2014-07-18,1.173300108808804
2014-07-21,1.1660798004469035
2014-07-22,1.173041470897333
2014-07-23,1.172139131304335
2014-07-24,1.169444558588693
2014-07-25,1.164128901504199
2014-07-28,1.1667158546186525
2014-07-29,1.1649679656978755
2014-07-30,1.1632356713250904
2014-07-31,1.1349059464883908
2014-08-01,1.122212919455297
2014-08-04,1.1375952772297622
2014-08-05,1.1193328781304215
2014-08-06,1.1186397927569662
2014-08-07,1.1124251272416499
2014-08-08,1.121110728835729
2014-08-11,1.1379273897682647
2014-08-12,1.1402339993421193
2014-08-13,1.1573569672503285
2014-08-14,1.1676066230488555
2014-08-15,1.1621968626331851
2014-08-18,1.1744766785402527
2014-08-19,1.1810275444763338
2014-08-20,1.1819955998406586
2014-08-21,1.183746704433015
2014-08-22,1.1819799183069957
2014-08-25,1.1846065403476778
2014-08-26,1.182831848901464
2014-08-27,1.1810729911335807
2014-08-28,1.1802013505497182
2014-08-29,1.1767301701069248
2014-09-02,1.1775828731287414
2014-09-03,1.1818649926673914
2014-09-04,1.1809895371172674
2014-09-05,1.1870905900765447
2014-09-08,1.1843926569172798
2014-09-09,1.175520801809285
2014-09-10,1.1780670562536373
2014-09-11,1.1806467651359445
2014-09-12,1.1719335048766386
2014-09-15,1.166094690261595
2014-09-16,1.187958965704
2014-09-17,1.1883230910574725
2014-09-18,1.1916587348218444
2014-09-19,1.18996242345555
2014-09-22,1.1773479808040777
2014-09-23,1.1694463165033793
2014-09-24,1.1808370273784123
2014-09-25,1.1622982890646216
2014-09-26,1.168918975521319
2014-09-29,1.1552117823230232
2014-09-30,1.1545008827646706
2014-10-01,1.1460014897627222
2014-10-02,1.1507482414954673
2014-10-03,1.1695217777615565
2014-10-06,1.1610581333172294
2014-10-07,1.1411542796032197
2014-10-08,1.1658459219104238
2014-10-09,1.1360308458746817
2014-10-10,1.1016857272784704
2014-10-13,1.0688577182333039
2014-10-14,1.0862413382661094
2014-10-15,1.0545376437042755
2014-10-16,1.0690678074797413
2014-10-17,1.0815322751902674
2014-10-20,1.1072830436471783
2014-10-21,1.1330198927697883
2014-10-22,1.1389795081079046
2014-10-23,1.1490478352513998
2014-10-24,1.153697161752417
2014-10-27,1.153697161752417
2014-10-28,1.1707133440791488
2014-10-29,1.1617652166084802
2014-10-30,1.163903434798557
2014-10-31,1.1689482174880863
2014-11-03,1.1667286955561469
2014-11-04,1.1681916782464994
2014-11-05,1.176299002196475
2014-11-06,1.1824495852144958
2014-11-07,1.1840367658657904
2014-11-10,1.1968371633346098
2014-11-11,1.1951273959584174
2014-11-12,1.1900417474649774
2014-11-13,1.1850832401838733
2014-11-14,1.1907264937085584
2014-11-17,1.1907264937085584
2014-11-18,1.196534915629088
2014-11-19,1.1871335698634309
2014-11-20,1.1924948182434592
2014-11-21,1.195643319413739
2014-11-24,1.2020414107550834
2014-11-25,1.2036937013540594
2014-11-26,1.207858731462551
2014-11-28,1.1968008698364854
2014-12-01,1.1847119721613693
2014-12-02,1.2052166024487776
2014-12-03,1.2052166024487776
2014-12-04,1.2102911986696145
2014-12-05,1.2163643444693903
2014-12-08,1.1966878624265032
2014-12-09,1.193431568923302
2014-12-10,1.1533835296976878
2014-12-11,1.1308461503817557
2014-12-12,1.1249254899085528
2014-12-15,1.1249254899085528
2014-12-16,1.084749579554676
2014-12-17,1.075451726015636
2014-12-18,1.080935615836679
2014-12-19,1.0891054780493978
2014-12-22,1.090750652487539
2014-12-23,1.0973914479364737
2014-12-24,1.0932568490745467
2014-12-26,1.0986473296863164
2014-12-29,1.09517609009805
2014-12-30,1.0904070495812934
2014-12-31,1.0691631983870156
2015-01-02,1.0715358212960573
2015-01-05,1.0559061262869702
2015-01-06,1.0476245096102097
2015-01-07,1.0584301963760006
2015-01-08,1.071625479991298
2015-01-09,1.060105885015437
2015-01-12,1.0492913820273602
2015-01-13,1.0428589444363878
2015-01-14,1.0387236921164418
2015-01-15,1.029636437458801
2015-01-16,1.0377872264864143
2015-01-20,1.0423157525656277
2015-01-21,1.0341012194970807
2015-01-22,1.0450585834122814
2015-01-23,1.0392121018267582
2015-01-26,1.0522199267747938
2015-01-27,1.044278644308569
2015-01-28,1.0138996292014106
2015-01-29,1.0277649232759598
2015-01-30,1.006751643062192
2015-02-02,1.0168071886052625
2015-02-03,1.0280060662770103
2015-02-04,1.0182025647178123
2015-02-05,1.0295302291546224
2015-02-06,1.024017349748172
2015-02-09,1.019211010166564
2015-02-10,1.0301172171543336
2015-02-11,1.0317809327136676
2015-02-12,1.0491406119072217
2015-02-13,1.053803459071254
2015-02-17,1.057635471649695
2015-02-18,1.0518902913098693
2015-02-19,1.0548326417750717
2015-02-20,1.063211454248746
2015-02-23,1.0619550743914359
2015-02-24,1.0731827932396274
2015-02-25,1.0691895549392008
2015-02-26,1.0743971752981132
2015-02-27,1.0770789779197623
2015-03-02,1.0838851641941367
2015-03-03,1.0775197700814143
2015-03-04,1.0782028254031775
2015-03-05,1.0836881179966436
2015-03-06,1.0709596441800435
2015-03-09,1.0762401847984968
2015-03-10,1.0612782359418984
2015-03-11,1.0575159497288105
2015-03-12,1.0740923971265914
2015-03-13,1.0666498671307536
2015-03-16,1.0705463050015507
2015-03-17,1.0771853518542736
2015-03-18,1.0765648930916054
2015-03-19,1.0765648930916054
2015-03-20,1.0811252284935065
2015-03-23,1.0824620139383205
2015-03-24,1.0851555430554298
2015-03-25,1.0755856674001378
2015-03-26,1.0768835083261108
2015-03-27,1.0801517435562356
2015-03-30,1.0861433402847447
2015-03-31,1.0792581210119412
2015-04-01,1.0825738141640517
2015-04-02,1.087978238821345
2015-04-03,1.0789262598743514
2015-04-06,1.0921849543121316
2015-04-07,1.0921849543121316
2015-04-08,1.0986200866124975
2015-04-09,1.109735972817683
2015-04-10,1.1199857544493916
2015-04-13,1.1049691856746513
2015-04-14,1.1165395436398309
2015-04-15,1.1126738082032879
2015-04-16,1.1155780139016978
2015-04-17,1.10746471925514
2015-04-20,1.1145298849282188
2015-04-21,1.1152643362527186
2015-04-22,1.1182137956543787
2015-04-23,1.12121068354893
2015-04-24,1.1227335503517129
2015-04-27,1.1150567397510174
2015-04-28,1.1246406985059023
2015-04-29,1.115317252300672
2015-04-30,1.1086586418391755
2015-05-01,1.1236549906176765
2015-05-04,1.1236549906176765
2015-05-05,1.112010897450654
2015-05-06,1.1054374340174482
2015-05-07,1.10896355023441
2015-05-08,1.1240612711776337
2015-05-11,1.1154597588416657
2015-05-12,1.1199440191787178
2015-05-13,1.1245386613086816
2015-05-14,1.1339588804610057
2015-05-15,1.134785080009611
2015-05-18,1.1414236764557368
2015-05-19,1.1440031649901001
2015-05-20,1.1496687044738607
2015-05-21,1.1581704562380373
2015-05-22,1.1565534643270592
2015-05-26,1.1485357626679462
2015-05-27,1.1546920682634862
2015-05-28,1.1554870369851822
2015-05-29,1.1530922451986845
2015-06-01,1.1538806843407006
2015-06-02,1.1491305751770338
2015-06-03,1.156855822741249
2015-06-04,1.1471985915253222
2015-06-05,1.1510289707958574
2015-06-08,1.143212135680096
2015-06-09,1.1492191616803853
2015-06-10,1.1639477715096784
2015-06-11,1.1698199404470244
2015-06-12,1.1581433643316568
2015-06-15,1.1373457194087995
2015-06-16,1.1454302447163902
2015-06-17,1.1493442777134109
2015-06-18,1.1589068221039862
2015-06-19,1.151941772755782
2015-06-22,1.1653842051120893
2015-06-23,1.1726051743692383
2015-06-24,1.1642740541250518
2015-06-25,1.1634752383074702
2015-06-26,1.1650663155564376
2015-06-29,1.1193459851008667
2015-06-30,1.1199902130059607
2015-07-01,1.1380910649333298
2015-07-02,1.1237979275401326
2015-07-06,1.119814005788144
2015-07-07,1.1315159808849142
2015-07-08,1.1024050031224846
2015-07-09,1.0976184413721564
2015-07-10,1.1215240754206337
2015-07-13,1.152278237846475
2015-07-14,1.1586466149813779
2015-07-15,1.1602930044875681
2015-07-16,1.1777285344297783
2015-07-17,1.1777285344297783
2015-07-20,1.1850181501167711
2015-07-21,1.187856516943398
2015-07-22,1.1793135488619466
2015-07-23,1.1776496144014712
2015-07-24,1.1673374461492692
2015-07-27,1.1536271070166435
2015-07-28,1.1741035311031514
2015-07-29,1.1790041371460167
2015-07-30,1.18151711221631
2015-07-31,1.1806686259597812
2015-08-03,1.18235831272323
2015-08-04,1.17809756204675
2015-08-05,1.1814337675321922
2015-08-06,1.172101077088491
2015-08-07,1.175340043795471
2015-08-10,1.1868670214579136
2015-08-11,1.1711295581899632
2015-08-12,1.173556769709528
2015-08-13,1.1760144802220085
2015-08-14,1.1743552005321007
2015-08-17,1.1817591912885201
2015-08-18,1.1740660030631338
2015-08-19,1.165759126263878
2015-08-20,1.1420362060473794
2015-08-21,1.1080882322456824
2015-08-24,1.0498996793463489
2015-08-25,1.0482281972697776
2015-08-26,1.0614733314504816
2015-08-27,1.0574466676009329
2015-08-28,1.0552596010702173
2015-08-31,1.0379779699370304
2015-09-01,1.0120530707825008
2015-09-02,1.0375884720638087
2015-09-03,1.040384668138668
2015-09-04,1.020896487037924
2015-09-08,1.0456675703987015
2015-09-09,1.0354762925552217
2015-09-10,1.0444978672241443
2015-09-11,1.0521095925723365
2015-09-14,1.0527726868533696
2015-09-15,1.0629787023634338
2015-09-16,1.0648150775303076
2015-09-17,1.0485412239079734
2015-09-18,1.037247267028671
2015-09-21,1.0550768367755052
2015-09-22,1.0325542308570448
2015-09-23,1.0387187337278332
2015-09-24,1.0313432160918958
2015-09-25,1.0270999754314034
2015-09-28,1.0109976241928371
2015-09-29,1.01267737102431
2015-09-30,1.0198880580640641
2015-10-01,1.0269752280658122
2015-10-02,1.0376030931931524
2015-10-05,1.0494192138273803
2015-10-06,1.0446671268213696
2015-10-07,1.0534048100469358
2015-10-08,1.0647637322605354
2015-10-09,1.0676531860794243
2015-10-12,1.0846886426936213
2015-10-13,1.0645838008858473
2015-10-14,1.0640012652902873
2015-10-15,1.0843232539861456
2015-10-16,1.0905380780663074
2015-10-19,1.1017143999843781
2015-10-20,1.0901743473495173
2015-10-21,1.1059759413110999
2015-10-22,1.1326771437350716
2015-10-23,1.124548727414976
2015-10-26,1.1201453739642546
2015-10-27,1.1261018338553497
2015-10-28,1.1329370498423321
2015-10-29,1.130100274756655
2015-10-30,1.1238122361335887
2015-11-02,1.1339518954069745
2015-11-03,1.1303803933741967
2015-11-04,1.1219682602142027
2015-11-05,1.1313599227810183
2015-11-06,1.1363019006028385
2015-11-09,1.1167292362862347
2015-11-10,1.1272241953350333
2015-11-11,1.1195819974005585
2015-11-12,1.0955552004369697
2015-11-13,1.0749121683964347
2015-11-16,1.0987109617926656
2015-11-17,1.0877694418412034
2015-11-18,1.085648363087679
2015-11-19,1.0807621819879876
2015-11-20,1.0896818148517124
2015-11-23,1.0946846581910603
2015-11-24,1.0895407655240832
2015-11-25,1.0976693336456402
2015-11-27,1.0924345469576133
2015-11-30,1.0949787904439774
2015-12-01,1.1059447046929007
2015-12-02,1.097028561337237
2015-12-03,1.076755604316996
2015-12-04,1.1014343139384495
2015-12-07,1.0973612132397557
2015-12-08,1.080759682025841
2015-12-09,1.0661671462347746
2015-12-10,1.0622339868020245
2015-12-11,1.0146876789839778
2015-12-14,1.0251992426774692
2015-12-15,1.041657290720452
2015-12-16,1.0557480729803794
2015-12-17,1.042350993985318
2015-12-18,1.0299130832918486
2015-12-21,1.0460488084645974
2015-12-22,1.057162208820131
2015-12-23,1.0565691304421112
2015-12-24,1.052431517064156
2015-12-28,1.0570512438880317
2015-12-29,1.0612023567672555
2015-12-30,1.0505751514777408
2015-12-31,1.048571329662933
2016-01-04,1.0338545390711726
2016-01-05,1.0380264615491397
2016-01-06,1.0284076835270628
2016-01-07,0.996024858559913
2016-01-08,0.981206210292284
2016-01-11,0.9951818477089099
2016-01-12,1.0070519613344049
2016-01-13,0.9828735903487996
2016-01-14,0.9920166004915791
2016-01-15,0.9676106777647449
2016-01-19,0.9721791889912074
2016-01-20,0.9605205604191659
2016-01-21,0.9578011897728831
2016-01-22,0.9757539937287457
2016-01-25,0.9645902516662826
2016-01-26,0.9734231280603132
2016-01-27,0.9662047231848386
2016-01-28,0.9702686757534394
2016-01-29,0.9840254389327578
2016-02-01,0.9849355202635627
2016-02-02,0.9698354635069087
2016-02-03,0.9731833313420998
2016-02-04,0.9706195113692995
2016-02-05,0.9617861377013666
2016-02-08,0.9514207741447922
2016-02-09,0.9461818790265908
2016-02-10,0.9450953543808186
2016-02-11,0.9317866852610887
2016-02-12,0.9400692335745207
2016-02-16,0.955110341311713
2016-02-17,0.9625658032277156
2016-02-18,0.9638254313235425
2016-02-19,0.9672109871745143
2016-02-22,0.9788823599806424
2016-02-23,0.9681740154957175
2016-02-24,0.9716668642551158
2016-02-25,0.980145243323243
2016-02-26,0.9740266895834101
2016-02-29,0.971305311172467
2016-03-01,0.9922703397029405
2016-03-02,0.9938028035480415
2016-03-03,1.0035990438942997
2016-03-04,0.997027044698266
2016-03-07,1.00071485939464
2016-03-08,0.9894012593691824
2016-03-09,0.9949469479567294
2016-03-10,0.9962509413354408
2016-03-11,1.0101826827314246
2016-03-14,1.0124752959120917
2016-03-15,1.0185762948257657
2016-03-16,1.0267731218137126
2016-03-17,1.0323915793886167
2016-03-18,1.0329723904037438
2016-03-21,1.0417140467400237
2016-03-22,1.0435550730376497
2016-03-23,1.0323907394182277
2016-03-24,1.0364678819716424
2016-03-28,1.039450523358611
2016-03-29,1.0521970699224248
2016-03-30,1.0551425671632653
2016-03-31,1.054144009528726
2016-04-01,1.0607634381599895
2016-04-04,1.053886527701902
2016-04-05,1.0426362476573605
2016-04-06,1.0569317073867908
2016-04-07,1.0346093097267817
2016-04-08,1.041796176132988
2016-04-11,1.0367980535488417
2016-04-12,1.0507637081500851
2016-04-13,1.0652797530978415
2016-04-14,1.067435462547618
2016-04-15,1.0667080789274832
2016-04-18,1.0797476343914523
2016-04-19,1.088729260283316
2016-04-20,1.1030265350976027
2016-04-21,1.0983256609754213
2016-04-22,1.1061825360464823
2016-04-25,1.1054986519438261
2016-04-26,1.109586782551939
2016-04-27,1.1158576026731115
2016-04-28,1.1014361796983378
2016-04-29,1.0960877794327313
2016-05-02,1.1103775164090395
2016-05-03,1.0984114829516995
2016-05-04,1.0951079897698899
2016-05-05,1.0970548484183698
2016-05-06,1.1101735910003532
2016-05-09,1.1137035547237248
2016-05-10,1.1273774594343875
2016-05-11,1.110301862802679
2016-05-12,1.1159866083402288
2016-05-13,1.1064576586466832
2016-05-16,1.1169123766811402
2016-05-17,1.1124816498976116
2016-05-18,1.1057743051040636
2016-05-19,1.1069978451373739
2016-05-20,1.1150039491634023
2016-05-23,1.111786044548212
2016-05-24,1.1257031387047187
2016-05-25,1.1298028162963596
2016-05-26,1.1346922257022791
2016-05-27,1.1411454516304438
2016-05-31,1.1426298684780931
2016-06-01,1.1426298684780931
2016-06-02,1.1493622212219903
2016-06-03,1.1509127942017163
2016-06-06,1.154820817272011
2016-06-07,1.1508317989049228
2016-06-08,1.146924050861103
2016-06-09,1.1392651256466715
2016-06-10,1.109081041542301
2016-06-13,1.0609839464454593
2016-06-14,1.068446905037104
2016-06-15,1.0698489981810166
2016-06-16,1.0755687255102955
2016-06-17,1.0750316125387547
2016-06-20,1.092167857421066
2016-06-21,1.0898032179462709
2016-06-22,1.0810497784446944
2016-06-23,1.1116586524804517
2016-06-24,1.0319925601437718
2016-06-27,1.0228800430564096
2016-06-28,1.0641845014546705
2016-06-29,1.0799710794894948
2016-06-30,1.0861511715037409
2016-07-01,1.0887105851626597
2016-07-05,1.0880615773622646
2016-07-06,1.0964685910357916
2016-07-07,1.0998579838983442
2016-07-08,1.115742902975055
2016-07-11,1.1180083707983546
2016-07-12,1.1233595219748251
2016-07-13,1.1249334057183975
2016-07-14,1.1273142171590715
2016-07-15,1.1305293735716466
2016-07-18,1.1427955150570532
2016-07-19,1.1576540418302614
2016-07-20,1.1691122127146345
2016-07-21,1.1638238214454892
2016-07-22,1.1704427246954163
2016-07-25,1.171203988256194
2016-07-26,1.1734967203702353
2016-07-27,1.1796831940196337
2016-07-28,1.1860706495540887
2016-07-29,1.195146668437633
2016-08-01,1.198604597315572
2016-08-02,1.188048079761233
2016-08-03,1.1947295452361644
2016-08-04,1.2016429892592309
2016-08-05,1.2114888536032544
2016-08-08,1.2190165513343816
2016-08-09,1.2209708864868216
2016-08-10,1.2111044550808674
2016-08-11,1.2158077733530261
2016-08-12,1.2215858697016346
2016-08-15,1.2235681591453695
2016-08-16,1.2115576741476237
2016-08-17,1.212030016320781
2016-08-18,1.2161178072695862
2016-08-19,1.2144490349783073
2016-08-22,1.2136214717517462
2016-08-23,1.2144456629040392
2016-08-24,1.2069976145455137
2016-08-25,1.2093916594008107
2016-08-26,1.2069688380464185
2016-08-29,1.2141508013802484
2016-08-30,1.21663288138307
2016-08-31,1.2157952683838391
2016-09-01,1.2157952683838391
2016-09-02,1.2266394114294583
2016-09-06,1.2363292021122045
2016-09-07,1.2391022769580637
2016-09-08,1.2362914589384992
2016-09-09,1.1789829950475184
2016-09-12,1.19544224171586
2016-09-13,1.1572192923885667
2016-09-14,1.1494068414694878
2016-09-15,1.165670557321573
2016-09-16,1.180006769153932
2016-09-19,1.1851612449006261
2016-09-20,1.182136909985409
2016-09-21,1.1963597855638162
2016-09-22,1.2075233294415502
2016-09-23,1.2035836122166186
2016-09-26,1.1927648831180424
2016-09-27,1.2037581078472408
2016-09-28,1.2084103130949595
2016-09-29,1.1972984941239713
2016-09-30,1.1995540014912378
2016-10-03,1.2041164889770999
2016-10-04,1.2064508020413527
2016-10-05,1.209599776402309
2016-10-06,1.2119989825703799
2016-10-07,1.2063335449223047
2016-10-10,1.216566716918383
2016-10-11,1.197499572462422
2016-10-12,1.1899324345637654
2016-10-13,1.1797278072535708
2016-10-14,1.1852713153052763
2016-10-17,1.186697205609403
2016-10-18,1.198905285788138
2016-10-19,1.2159614821983933
2016-10-20,1.2205000631583873
2016-10-21,1.2235948335245574
2016-10-24,1.233807824109353
2016-10-25,1.2288477926556471
2016-10-26,1.2223907927599196
2016-10-27,1.2153498217936225
2016-10-28,1.2070332755791715
2016-10-31,1.198320854943412
2016-11-01,1.1899726109612228
2016-11-02,1.1806264025160855
2016-11-03,1.1646935225900925
2016-11-04,1.1699942769280498
2016-11-07,1.2099526843160195
2016-11-08,1.2107077249926597
2016-11-09,1.2273810082163457
2016-11-10,1.2199548374103308
2016-11-11,1.2263232802809882
2016-11-14,1.2337181945339388
2016-11-15,1.2554520901889408
2016-11-16,1.2257777680572022
2016-11-17,1.234434946515391
2016-11-18,1.2352565338342032
2016-11-21,1.2435053253790058
2016-11-22,1.244364396415537
2016-11-23,1.244364396415537
2016-11-25,1.2460896850067544
2016-11-28,1.2443499437362389
2016-11-29,1.2469378465654997
2016-11-30,1.2425702884339218
2016-12-01,1.2340155876529653
2016-12-02,1.233194279441549
2016-12-05,1.2585534984549407
2016-12-06,1.2659978075031029
2016-12-07,1.2621395284707124
2016-12-08,1.2602451351822008
2016-12-09,1.26775497583878
2016-12-12,1.2599683809775821
2016-12-13,1.2627839527786495
2016-12-14,1.2599302037328222
2016-12-15,1.2674381677029247
2016-12-16,1.2732766544639362
2016-12-19,1.285283978513891
2016-12-20,1.2969442867725736
2016-12-21,1.3064682836948776
2016-12-22,1.3018106427547889
2016-12-23,1.3018106427547889
2016-12-27,1.3072823512357197
2016-12-28,1.295121585177713
2016-12-29,1.2915793722951756
2016-12-30,1.2863520696079775
2017-01-03,1.309315048701806
2017-01-04,1.3207210600153605
2017-01-05,1.3237283944973688
2017-01-06,1.3267772890720269
2017-01-09,1.3257467824397378
2017-01-10,1.3267725052888208
2017-01-11,1.333986025705925
2017-01-12,1.3350510844090835
2017-01-13,1.341472171789007
2017-01-17,1.341472171789007
2017-01-18,1.3338695779612089
2017-01-19,1.332928576495275
2017-01-20,1.3404248356249495
2017-01-23,1.345272665048548
2017-01-24,1.3561735853546506
2017-01-25,1.362420834116361
2017-01-26,1.3634914988190066
2017-01-27,1.3667186976327792
2017-01-30,1.359080349622057
2017-01-31,1.3580247532340008
2017-02-01,1.3632782339041518
2017-02-02,1.3579004104962458
2017-02-03,1.367355809873009
2017-02-06,1.367355809873009
2017-02-07,1.3651636562700062
2017-02-08,1.3651636562700062
2017-02-09,1.377105445708551
2017-02-10,1.3839766579116706
2017-02-13,1.3910588412357385
2017-02-14,1.3971466260989145
2017-02-15,1.3700163515697454
2017-02-16,1.367888170829443
2017-02-17,1.3647254236136523
2017-02-21,1.3636856328147087
2017-02-22,1.362650577305931
2017-02-23,1.3564684196773218
2017-02-24,1.3604801562235025
2017-02-27,1.3615011544645708
2017-02-28,1.3563730898526514
2017-03-01,1.3613874081145836
2017-03-02,1.3613874081145836
2017-03-03,1.3706171532543436
2017-03-06,1.3738232752502602
2017-03-07,1.3749071594910889
2017-03-08,1.3738181241172345
2017-03-09,1.3716503637635977
2017-03-10,1.3770188583380147
2017-03-13,1.3858141883713113
2017-03-14,1.3743847930033006
2017-03-15,1.3820051443308436
2017-03-16,1.3898862327302866
2017-03-17,1.3933828018692307
2017-03-20,1.3969328217466046
2017-03-21,1.383714532680615
2017-03-22,1.3708718433834561
2017-03-23,1.3639805666124083
2017-03-24,1.3706690877796845
2017-03-27,1.3775593453125088
2017-03-28,1.3907514421736968
2017-03-29,1.3907514421736968
2017-03-30,1.392903475353076
2017-03-31,1.3831287141225281
2017-04-03,1.3789610946449462
2017-04-04,1.384077833400586
2017-04-05,1.3704725314465538
2017-04-06,1.3763988991501064
2017-04-07,1.3672736025811554
2017-04-10,1.3477759397992495
2017-04-11,1.3307325169332358
2017-04-12,1.3257344605316088
2017-04-13,1.3249198771457216
2017-04-17,1.3452096149274326
2017-04-18,1.3514560277330658
2017-04-19,1.3579723861689945
2017-04-20,1.3626309535314953
2017-04-21,1.3626309535314953
2017-04-24,1.3940214048170376
2017-04-25,1.398420683412121
2017-04-26,1.4006626404195954
2017-04-27,1.4006626404195954
2017-04-28,1.402926337616233
2017-05-01,1.4132125592362301
2017-05-02,1.4132125592362301
2017-05-03,1.4072370304445336
2017-05-04,1.4153949262731977
2017-05-05,1.4141877664213656
2017-05-08,1.42259482745317
2017-05-09,1.42259482745317
2017-05-10,1.4201045082803854
2017-05-11,1.4225688978826072
2017-05-12,1.42754944544631
2017-05-15,1.4377235172178648
2017-05-16,1.4310827619420319
2017-05-17,1.3818509305831232
2017-05-18,1.3808795063788468
2017-05-19,1.4108670823492455
2017-05-22,1.4219544464541511
2017-05-23,1.4196281406112814
2017-05-24,1.42769093735309
2017-05-25,1.4264987111006031
2017-05-26,1.4288712661294607
2017-05-30,1.4312676959259043
2017-05-31,1.4312676959259043
2017-06-01,1.4361091934174084
2017-06-02,1.4361091934174084
2017-06-05,1.4324031051763313
2017-06-06,1.427537192292505
2017-06-07,1.4299213880207597
2017-06-08,1.4359421096545313
2017-06-09,1.433471671616416
2017-06-12,1.4298039402604676
2017-06-13,1.4406403490708628
2017-06-14,1.4393793947171902
2017-06-15,1.4381250335888964
2017-06-16,1.443116356915886
2017-06-19,1.4545848312754825
2017-06-20,1.4478970849247907
2017-06-21,1.458699373288724
2017-06-22,1.463491814761541
2017-06-23,1.465936059963648
2017-06-26,1.4721084223213896
2017-06-27,1.4619777837161672
2017-06-28,1.4704882573012095
2017-06-29,1.4616716253516517
2017-06-30,1.454378461316633
2017-07-03,1.4484783458549022
2017-07-05,1.454237703094882
2017-07-06,1.4377189786783884
2017-07-07,1.4476533132719436
2017-07-10,1.4557118207812108
2017-07-11,1.4580933534123455
2017-07-12,1.4725239680440552
2017-07-13,1.4840230706144641
2017-07-14,1.4974228274597416
2017-07-17,1.5059188435020665
2017-07-18,1.5103156868407588
2017-07-19,1.5107631877850078
2017-07-20,1.512074045214756
2017-07-21,1.5147094683872437
2017-07-24,1.5160410811067049
2017-07-25,1.5200570839705636
2017-07-26,1.5173366238650234
2017-07-27,1.5132993645554047
2017-07-28,1.5146239154215364
2017-07-31,1.5172869904376622
2017-08-01,1.5186326995200905
2017-08-02,1.5172797973378898
2017-08-03,1.5159340946351512
2017-08-04,1.5172726677871469
2017-08-07,1.5213097569253833
2017-08-08,1.5103700013699648
2017-08-09,1.505127936289288
2017-08-10,1.4075674048112616
2017-08-11,1.4093806961540136
2017-08-14,1.4637457862163565
2017-08-15,1.466685034783056
2017-08-16,1.4518099330104084
2017-08-17,1.4107262102407065
2017-08-18,1.4097810000495905
2017-08-21,1.425785191702908
2017-08-22,1.449001516948336
2017-08-23,1.4344835826744797
2017-08-24,1.4386949106236158
2017-08-25,1.4461964855765883
2017-08-28,1.4473025631946201
2017-08-29,1.4439690448149012
2017-08-30,1.4439690448149012
2017-08-31,1.4560249533484602
2017-09-01,1.4560249533484602
2017-09-05,1.4433387953390875
2017-09-06,1.4433387953390875
2017-09-07,1.4510073885591055
2017-09-08,1.440824880569217
2017-09-11,1.4668736919693384
2017-09-12,1.4717329008868352
2017-09-13,1.4804083790394311
2017-09-14,1.4816928982403328
2017-09-15,1.490731547728509
2017-09-18,1.5027913984517058
2017-09-19,1.4985680970977433
2017-09-20,1.525009344815588
2017-09-21,1.5237669746772453
2017-09-22,1.5212943304992699
2017-09-25,1.522518712254199
2017-09-26,1.5249793485568321
2017-09-27,1.527464039959776
2017-09-28,1.5337369928959559
2017-09-29,1.540167755968895
2017-10-02,1.5480829649931465
2017-10-03,1.5480829649931465
2017-10-04,1.5494439170502832
2017-10-05,1.5631255410418972
2017-10-06,1.5631255410418972
2017-10-09,1.5544615657566765
2017-10-10,1.5600506410492847
2017-10-11,1.5643345329697864
2017-10-12,1.5701418073381197
2017-10-13,1.5790504133372012
2017-10-16,1.5790504133372012
2017-10-17,1.5759768358903161
2017-10-18,1.5712678930553667
2017-10-19,1.5739828267798686
2017-10-20,1.5780978145622995
2017-10-23,1.565556639877036
2017-10-24,1.5615679605397697
2017-10-25,1.5589489786353006
2017-10-26,1.557652555368244
2017-10-27,1.5744223137283162
2017-10-30,1.5702881632327494
2017-10-31,1.5784278858931353
2017-11-01,1.5756280138117285
2017-11-02,1.5825538512350767
2017-11-03,1.5868214121822275
2017-11-06,1.5940506669074312
2017-11-07,1.5895917839230749
2017-11-08,1.5895917839230749
2017-11-09,1.5822833159510148
2017-11-10,1.5687716831406464
2017-11-13,1.5680954884496376
2017-11-14,1.556629844017963
2017-11-15,1.5116748908463238
2017-11-16,1.5231487040595786
2017-11-17,1.524350399289606
2017-11-20,1.5376318681150996
2017-11-21,1.5490924783122306
2017-11-22,1.5530901363207785
2017-11-24,1.5544435917772672
2017-11-27,1.5571647184149515
2017-11-28,1.5585396982987616
2017-11-29,1.553010510899032
2017-11-30,1.5475969666344602
2017-12-01,1.5422947072198667
2017-12-04,1.5409959327295764
2017-12-05,1.54228817250545
2017-12-06,1.5461844794675692
2017-12-07,1.560690261364493
2017-12-08,1.5690698063919533
2017-12-11,1.5849408573071824
2017-12-12,1.583405805629403
2017-12-13,1.5788272828179444
2017-12-14,1.5833275031015108
2017-12-15,1.597062392285042
2017-12-18,1.5986715231588808
2017-12-19,1.5921958916726677
2017-12-20,1.6340749895677802
2017-12-21,1.6397960398594837
2017-12-22,1.6339526686706747
2017-12-26,1.636812979688041
2017-12-27,1.636812979688041
2017-12-28,1.6397035986367174
2017-12-29,1.6323997964156185
2018-01-02,1.6494706439598341
2018-01-03,1.655537662420376
2018-01-04,1.6586393723265498
2018-01-05,1.661776278940879
2018-01-08,1.661776278940879
2018-01-09,1.6554305938661644
2018-01-10,1.6585321031755154
2018-01-11,1.6616688069167456
2018-01-12,1.6584961695765705
2018-01-16,1.6208565401961093
2018-01-17,1.5978685960591454
2018-01-18,1.599186425829091
2018-01-19,1.6031595598063062
2018-01-22,1.6058482970135286
2018-01-23,1.6017742632790335
2018-01-24,1.595086270530478
2018-01-25,1.589867174348783
2018-01-26,1.592426316681739
2018-01-29,1.561417609500918
2018-01-30,1.5510273998998028
2018-01-31,1.5621259859455976
2018-02-01,1.566763094623729
2018-02-02,1.5112920095410056
2018-02-05,1.1708281456316079
2018-02-06,1.2367257718868707
2018-02-07,1.2413877747966013
2018-02-08,1.1918382520886046
2018-02-09,1.1996848740329602
2018-02-12,1.2116044661576668
2018-02-13,1.2172343804244208
2018-02-14,1.2496135387699028
2018-02-15,1.2545071302504003
2018-02-16,1.2509279372967614
2018-02-20,1.2424828541757706
2018-02-21,1.239778129595252
2018-02-22,1.246452574438295
2018-02-23,1.2643821827013078
2018-02-26,1.2734269434717493
2018-02-27,1.2521703577074605
2018-02-28,1.2371657485708805
2018-03-01,1.2185166821052091
2018-03-02,1.230107078580803
2018-03-05,1.2398056889244098
2018-03-06,1.2391272726787603
2018-03-07,1.2452130273604023
2018-03-08,1.2542691221048416
2018-03-09,1.2753859897629205
2018-03-12,1.2689181051872607
2018-03-13,1.2595041841595962
2018-03-14,1.2504943181626276
2018-03-15,1.2591308256837508
2018-03-16,1.2666368216639816
2018-03-19,1.2370625057050069
2018-03-20,1.2343399472330288
2018-03-21,1.2426024676961396
2018-03-22,1.2131960023711514
2018-03-23,1.2000465231196447
2018-03-26,1.2129723608227694
2018-03-27,1.1991636198457443
2018-03-28,1.1921183501085846
2018-03-29,1.206293360216891
2018-04-02,1.1861630538264196
2018-04-03,1.1966821194146118
2018-04-04,1.202526720730434
2018-04-05,1.2133630065743126
2018-04-06,1.1936438699012832
2018-04-09,1.191328924214202
2018-04-10,1.1987657914481922
2018-04-11,1.1999541590233578
2018-04-12,1.2148975483013573
2018-04-13,1.2265140985639997
2018-04-16,1.241567549146096
2018-04-17,1.2637054549258182
2018-04-18,1.231793284546941
2018-04-19,1.2295434337989102
2018-04-20,1.2228671798597306
2018-04-23,1.2257402892397242
2018-04-24,1.2133553947867821
2018-04-25,1.2126689136581899
2018-04-26,1.2242995887116113
2018-04-27,1.2308291865180734
2018-04-30,1.2278317334002211
2018-05-01,1.233001551225064
2018-05-02,1.2276983187466768
2018-05-03,1.2291752490549435
2018-05-04,1.2388450089567373
2018-05-07,1.2411861333831125
2018-05-08,1.240396825826112
2018-05-09,1.255336629116569
2018-05-10,1.2663446400295642
2018-05-11,1.275278288283741
2018-05-14,1.2808736592012564
2018-05-15,1.2521437827331907
2018-05-16,1.2704103508577689
2018-05-17,1.2756045328714973
2018-05-18,1.272942401672461
2018-05-21,1.2808298244711203
2018-05-22,1.2780998141880557
2018-05-23,1.2843892333088405
2018-05-24,1.2853149192427566
2018-05-25,1.2797366989784118
2018-05-29,1.2471204008097585
2018-05-30,1.2588672177718598
2018-05-31,1.2547193850938636
2018-06-01,1.2709880319022118
2018-06-04,1.2797990407888822
2018-06-05,1.2853134352195705
2018-06-06,1.2956902776323522
2018-06-07,1.2937083422172357
2018-06-08,1.2907625167700618
2018-06-11,1.2994806125681335
2018-06-12,1.3014992232284337
2018-06-13,1.2923301484659633
2018-06-14,1.303079208301975
2018-06-15,1.3051353490645818
2018-06-18,1.303059587077998
2018-06-19,1.284554598859139
2018-06-20,1.309252112693558
2018-06-21,1.2913879905095884
2018-06-22,1.2992014304521673
2018-06-25,1.2649763667730114
2018-06-26,1.2719502027919745
2018-06-27,1.2551244048337815
2018-06-28,1.2610570460383135
2018-06-29,1.2686882535786361
2018-07-02,1.2686882535786361
2018-07-03,1.263146401612926
2018-07-05,1.2770313696917246
2018-07-06,1.2918853694684296
2018-07-09,1.3060673014831774
2018-07-10,1.3127043041041444
2018-07-11,1.29803721690745
2018-07-12,1.313604506281296
2018-07-13,1.3205052428996593
2018-07-16,1.3205052428996593
2018-07-17,1.3378066603403485
2018-07-18,1.3321795972741746
2018-07-19,1.3273961875891687
2018-07-20,1.32552331818869
2018-07-23,1.3292375691678526
2018-07-24,1.3292375691678526
2018-07-25,1.333959549875376
2018-07-26,1.3334771051918768
2018-07-27,1.3243305113295498
2018-07-30,1.3141611321849598
2018-07-31,1.3282966468840922
2018-08-01,1.3245217363423256
2018-08-02,1.3310167641212372
2018-08-03,1.3386635390677144
2018-08-06,1.3485612362142412
2018-08-07,1.3547734184923874
2018-08-08,1.3579673833296977
2018-08-09,1.3558075942508434
2018-08-10,1.3322748391632548
2018-08-13,1.3109971284833335
2018-08-14,1.3312680084531598
2018-08-15,1.3089589635027608
2018-08-16,1.3291983289888538
2018-08-17,1.341788185656872
2018-08-20,1.347945531059504
2018-08-21,1.3458352445138142
2018-08-22,1.3513753818310361
2018-08-23,1.350422030591649
2018-08-24,1.3523206907401082
2018-08-27,1.3523206907401082
2018-08-28,1.3532780859193931
2018-08-29,1.3561625152321874
2018-08-30,1.3444756569321614
2018-08-31,1.3537319437268749
2018-09-04,1.3498710326574221
2018-09-05,1.3432284335511993
2018-09-06,1.3321692629147572
2018-09-07,1.3286577788609457
2018-09-10,1.3390277907935189
2018-09-11,1.348996864024469
2018-09-12,1.3527901768231316
2018-09-13,1.365329408408658
2018-09-14,1.3755374787519004
2018-09-17,1.3605801780120739
2018-09-18,1.3776187511437168
2018-09-19,1.394615697621482
2018-09-20,1.399500516177074
2018-09-21,1.3975047935158589
2018-09-24,1.399483561365085
2018-09-25,1.3984857121234697
2018-09-26,1.3915305433953247
2018-09-27,1.3973185387231388
2018-09-28,1.4002862949115773
2018-10-01,1.4012882886825337
2018-10-02,1.4002819775236952
2018-10-03,1.40428994025006
2018-10-04,1.3818620791353584
2018-10-05,1.3753591987629568
2018-10-08,1.3672289966027817
2018-10-09,1.3619955841755942
2018-10-10,1.2912314943561423
2018-10-11,1.2777577744150346
2018-10-12,1.2928434624246572
2018-10-15,1.2902480426757494
2018-10-16,1.3216627776278547
2018-10-17,1.3283178264091209
2018-10-18,1.308150665249041
2018-10-19,1.308150665249041
2018-10-22,1.3053107180788937
2018-10-23,1.3025073662011404
2018-10-24,1.2775988587996843
2018-10-25,1.2738822075740852
2018-10-26,1.2720558531546242
2018-10-29,1.2666235861660635
2018-10-30,1.2736849023258743
2018-10-31,1.2815978790189384
2018-11-01,1.294240028257103
2018-11-02,1.2902112655232287
2018-11-05,1.2921886007960615
2018-11-06,1.3028321105066083
2018-11-07,1.3280143687499575
2018-11-08,1.3256464382261834
2018-11-09,1.3178370335827303
2018-11-12,1.2861636971532742
2018-11-13,1.2881348292561912
2018-11-14,1.2781878421576878
2018-11-15,1.2883246478451837
2018-11-16,1.3029533664271677
2018-11-19,1.2794253439417524
2018-11-20,1.2505299158477103
2018-11-21,1.2517141831862808
2018-11-23,1.247360394723024
2018-11-26,1.2662459489288427
2018-11-27,1.268253208028862
2018-11-28,1.2756837195006687
2018-11-29,1.2735838286043712
2018-11-30,1.283287324441357
2018-12-03,1.296356162823221
2018-12-04,1.2553982631930387
2018-12-05,1.2605685005704104
2018-12-06,1.2486419654795997
2018-12-07,1.2298418355100198
2018-12-10,1.2309898792304492
2018-12-11,1.231567131225399
2018-12-12,1.2338826510960932
2018-12-13,1.2379809564615367
2018-12-14,1.2260342162303035
2018-12-17,1.2062822265557072
2018-12-18,1.1939496287123261
2018-12-19,1.1791915887221636
2018-12-20,1.174966042155634
2018-12-21,1.158679384145556
2018-12-24,1.1434210548070138
2018-12-26,1.1542371999200531
2018-12-27,1.1509627681472303
2018-12-28,1.1482032170547694
2018-12-31,1.158631123863164
2019-01-02,1.1686957582379836
2019-01-03,1.1560612095002756
2019-01-04,1.1793010040707426
2019-01-07,1.1846797999844063
2019-01-08,1.1935268836715711
2019-01-09,1.199313680683312
2019-01-10,1.2022933420017798
2019-01-11,1.2125771089522355
2019-01-14,1.2100276695641625
2019-01-15,1.2150628952372513
2019-01-16,1.2144819886737912
2019-01-17,1.2208655996523656
2019-01-18,1.2235017466961495
2019-01-22,1.1987980279361181
2019-01-23,1.2041458258302569
2019-01-24,1.210860960980641
2019-01-25,1.2222275827786342
2019-01-28,1.2108580238690656
2019-01-29,1.21339053738304
2019-01-30,1.2255725295681272
2019-01-31,1.2371634797782292
2019-02-01,1.2386083422363643
2019-02-04,1.245883574789882
2019-02-05,1.245883574789882
2019-02-06,1.2481453906593947
2019-02-07,1.2359497715750891
2019-02-08,1.2438656070844492
2019-02-11,1.2498511257952314
2019-02-12,1.2590950170183703
2019-02-13,1.2594979274238163
2019-02-14,1.2557213219442847
2019-02-15,1.2646245159551155
2019-02-19,1.2646245159551155
2019-02-20,1.2762443430542436
2019-02-21,1.2713278319413541
2019-02-22,1.282539541955325
2019-02-25,1.27577821323332
2019-02-26,1.273320855519227
2019-02-27,1.2741305985116083
2019-02-28,1.2757562834857858
2019-03-01,1.2880428608548302
2019-03-04,1.2802233763707198
2019-03-05,1.2768709092640207
2019-03-06,1.2669694870274015
2019-03-07,1.256723388532001
2019-03-08,1.2574747926507048
2019-03-11,1.282360350766131
2019-03-12,1.2917486794572641
2019-03-13,1.298887877685698
2019-03-14,1.3016563776026122
2019-03-15,1.3100692374937601
2019-03-18,1.3207636802488114
2019-03-19,1.3325151559338106
2019-03-20,1.3289911489098534
2019-03-21,1.3333271722341922
2019-03-22,1.3041399107524485
2019-03-25,1.302580401143178
2019-03-26,1.3165158824035508
2019-03-27,1.3115556969753428
2019-03-28,1.3212559548266243
2019-03-29,1.3280207853153365
2019-04-01,1.3341266280064417
2019-04-02,1.3341266280064417
2019-04-03,1.3341266280064417
2019-04-04,1.3359204117079628
2019-04-05,1.3440579979721738
2019-04-08,1.341243216824588
2019-04-09,1.3301241020737107
2019-04-10,1.3415944923403496
2019-04-11,1.3527550704395415
2019-04-12,1.3733032487246992
2019-04-15,1.377603219757888
2019-04-16,1.377603219757888
2019-04-17,1.3965555344312968
2019-04-18,1.4003751734998269
2019-04-22,1.4052291602363947
2019-04-23,1.4062205035593127
2019-04-24,1.3972605145100854
2019-04-25,1.392467167976603
2019-04-26,1.40185986388201
2019-04-29,1.3979454209811177
2019-04-30,1.3998703028000246
2019-05-01,1.3843431451953103
2019-05-02,1.3852524017767194
2019-05-03,1.4016837317483706
2019-05-06,1.3771358555356146
2019-05-07,1.3354447861570806
2019-05-08,1.3309621742874624
2019-05-09,1.3338913895266098
2019-05-10,1.3613484028298002
2019-05-13,1.30393960196628
2019-05-14,1.3226388638638755
2019-05-15,1.3401524267509006
2019-05-16,1.3591560652986239
2019-05-17,1.3565630807543338
2019-05-20,1.3522904411299108
2019-05-21,1.370740295210443
2019-05-22,1.3710139871163087
2019-05-23,1.3524239669520197
2019-05-24,1.3617914056841547
2019-05-28,1.3512064799598533
2019-05-29,1.3449850976060813
2019-05-30,1.3502818040382853
2019-05-31,1.338658144319161
2019-06-03,1.337185067956774
2019-06-04,1.352550806083774
2019-06-05,1.3619735112640385
2019-06-06,1.364431207825718
2019-06-07,1.3602902936896764
2019-06-10,1.3659835863986916
2019-06-11,1.3643152094992732
2019-06-12,1.3667995467548106
2019-06-13,1.3701485196105652
2019-06-14,1.3760964511685643
2019-06-17,1.3848197250270022
2019-06-18,1.3884460941923757
2019-06-19,1.3935117350003745
2019-06-20,1.3891227216617907
2019-06-21,1.3822309500194376
2019-06-24,1.3864131919256992
2019-06-25,1.3795982576489523
2019-06-26,1.3820802934947973
2019-06-27,1.3896075084064181
2019-06-28,1.3991164866910033
2019-07-01,1.409930913641272
2019-07-02,1.4231563962482925
2019-07-03,1.4271582420022417
2019-07-05,1.4210527521968845
2019-07-08,1.4101406542742556
2019-07-09,1.4110886479914149
2019-07-10,1.4263179352547284
2019-07-11,1.4344537951349692
2019-07-12,1.4449818963836663
2019-07-15,1.4504865893222705
2019-07-16,1.452739772373645
2019-07-17,1.4546729681568429
2019-07-18,1.4620735301570047
2019-07-19,1.4515790382602822
2019-07-22,1.4643803652118688
2019-07-23,1.4721003275984883
2019-07-24,1.4800710907936072
2019-07-25,1.4738934027624686
2019-07-26,1.4799195427396916
2019-07-29,1.477860524245445
2019-07-30,1.465608830780198
2019-07-31,1.446164600852766
2019-08-01,1.420974797540867
2019-08-02,1.420974797540867
2019-08-05,1.3534835768279103
2019-08-06,1.3778932228377545
2019-08-07,1.3820951843813511
2019-08-08,1.4056353862314592
2019-08-09,1.3937400233014328
2019-08-12,1.3590379713004228
2019-08-13,1.3937089761037549
2019-08-14,1.342958745801494
2019-08-15,1.346092838557157
2019-08-16,1.3766063952281102
2019-08-19,1.4052016812008912
2019-08-20,1.3985201873229671
2019-08-21,1.4244202128530703
2019-08-22,1.4162221109085922
2019-08-23,1.3876995956679157
2019-08-26,1.3912261511842257
2019-08-27,1.3811992960405557
2019-08-28,1.3914939491787461
2019-08-29,1.4044213768356324
2019-08-30,1.3991001591696788
2019-09-03,1.388695164626053
2019-09-04,1.409321110733175
2019-09-05,1.4217964290024587
2019-09-06,1.4341419841023355
2019-09-09,1.4358777081375578
2019-09-10,1.4393745183856859
2019-09-11,1.4482458559412215
2019-09-12,1.4620606017848579
2019-09-13,1.4718239447016181
2019-09-16,1.468773532380993
2019-09-17,1.4707821115705737
2019-09-18,1.4704783355750688
2019-09-19,1.473172341686046
2019-09-20,1.4550130524202705
2019-09-23,1.463460152869735
2019-09-24,1.4433348413504503
2019-09-25,1.4538318220148172
2019-09-26,1.4504557248954795
2019-09-27,1.440466933676687
2019-09-30,1.45485162427651
2019-10-01,1.4302147208581049
2019-10-02,1.4071156944108676
2019-10-03,1.422536140377014
2019-10-04,1.4427777613468054
2019-10-07,1.4370475801669882
2019-10-08,1.403469834204811
2019-10-09,1.4244432314781084
2019-10-10,1.4390135794716934
2019-10-11,1.4684061972651576
2019-10-14,1.4925316703323894
2019-10-15,1.5110277598786772
2019-10-16,1.5075898251589532
2019-10-17,1.510294022154754
2019-10-18,1.5084716462607513
2019-10-21,1.519327214329794
2019-10-22,1.5117660213502366
2019-10-23,1.5172716942656246
2019-10-24,1.5200857994172765
2019-10-25,1.5314686571976242
2019-10-28,1.5274972635971116
2019-10-29,1.530430058343218
2019-10-30,1.5403197517735459
2019-10-31,1.5341481868248705
2019-11-01,1.5482091194700738
2019-11-04,1.5450224111624167
2019-11-05,1.5387269038843354
2019-11-06,1.5438474593049156
2019-11-07,1.5469821749583266
2019-11-08,1.554386534086332
2019-11-11,1.5587420830434917
2019-11-12,1.563171900686244
2019-11-13,1.560918679928498
2019-11-14,1.566503362146489
2019-11-15,1.5836236174704943
2019-11-18,1.5909467324645774
2019-11-19,1.5809052540742685
2019-11-20,1.5824770910381663
2019-11-21,1.5793486355039887
2019-11-22,1.5906849062971657
2019-11-25,1.6057573859507428
2019-11-26,1.610320817242965
2019-11-27,1.6114814088229599
2019-11-29,1.6044876377900934
2019-12-02,1.5794973878563716
2019-12-03,1.558748653697339
2019-12-04,1.5760413968508378
2019-12-05,1.58221186887766
2019-12-06,1.5948485027721906
2019-12-09,1.5683137616515441
2019-12-10,1.575339807303743
2019-12-11,1.585652997531591
2019-12-12,1.6103365974931654
2019-12-13,1.6351564643169132
2019-12-16,1.6442587269413413
2019-12-17,1.637533742373074
2019-12-18,1.65026646966848
2019-12-19,1.6547191279340274
2019-12-20,1.6513248322869833
2019-12-23,1.6513248322869833
2019-12-24,1.6569130719901541
2019-12-26,1.6569130719901541
2019-12-27,1.643224289295571
2019-12-30,1.63453285503814
2019-12-31,1.6534839606037997
2020-01-02,1.6659204211621872
2020-01-03,1.6434319749795359
2020-01-06,1.6467133699378975
2020-01-07,1.6511415067310076
2020-01-08,1.6623928968961252
2020-01-09,1.6752933003288288
2020-01-10,1.6765228733932902
2020-01-13,1.6864029345256264
2020-01-14,1.6889629389803142
2020-01-15,1.6928381885535002
2020-01-16,1.702006364429612
2020-01-17,1.7033598486160373
2020-01-21,1.6924801050719829
2020-01-22,1.7004678254905043
2020-01-23,1.7038295411257411
2020-01-24,1.681149613789625
2020-01-27,1.6444318375134086
2020-01-28,1.6647848616626604
2020-01-29,1.6647848616626604
2020-01-30,1.6767653224362447
2020-01-31,1.6319125019916048
2020-02-03,1.636389628197343
2020-02-04,1.6627903509888438
2020-02-05,1.678889985249553
2020-02-06,1.6820929550147348
2020-02-07,1.67237299572412
2020-02-10,1.6807218156715729
2020-02-11,1.6807218156715729
2020-02-12,1.7054620407982586
2020-02-13,1.697214555972291
2020-02-14,1.7063732179944011
2020-02-18,1.695726868627365
2020-02-19,1.7040487551086958
2020-02-20,1.688532213598763
2020-02-21,1.670675263283877
2020-02-24,1.6084876463935465
2020-02-25,1.5740343618132613
2020-02-26,1.5726179079443632
2020-02-27,1.5169687188166567
2020-02-28,1.5163913758218643
2020-03-02,1.5169674029351872
2020-03-03,1.4834815382842867
2020-03-04,1.5012782319740725
2020-03-05,1.4525585372992529
2020-03-06,1.4170135754453417
2020-03-09,1.3488860184987033
2020-03-10,1.3643887085141249
2020-03-11,1.3348663706490853
2020-03-12,1.2660350734354648
2020-03-13,1.2872080442176188
2020-03-16,1.1946880837160623
2020-03-17,1.2071901552289601
2020-03-18,1.2039101761657154
2020-03-19,1.2181743123430602
2020-03-20,1.2357211670683637
2020-03-23,1.2842261100747854
2020-03-24,1.2904589567162
2020-03-25,1.2742780723884632
2020-03-26,1.301118059091136
2020-03-27,1.2582910668463922
2020-03-30,1.2754843748257627
2020-03-31,1.2908593748236625
2020-04-01,1.2657459161151743
2020-04-02,1.2862148710177674
2020-04-03,1.2984840112818479
2020-04-06,1.3166931359809588
2020-04-07,1.302509726975778
2020-04-08,1.3122730026123934
2020-04-09,1.3190859833929178
2020-04-13,1.323560169647915
2020-04-14,1.3411750184861126
2020-04-15,1.3083494279346506
2020-04-16,1.308707144798064
2020-04-17,1.3226810198554562
2020-04-20,1.2882511451520604
2020-04-21,1.270448058309268
2020-04-22,1.2835250820093993
2020-04-23,1.2828772460058615
2020-04-24,1.3019306777275346
2020-04-27,1.3224641867168472
2020-04-28,1.3201218147256144
2020-04-29,1.3375045452779635
2020-04-30,1.3203275096142526
2020-05-01,1.2940958372378104
2020-05-04,1.305702854787333
2020-05-05,1.31778083494374
2020-05-06,1.3119713676331872
2020-05-07,1.331966905371378
2020-05-08,1.3551856280797976
2020-05-11,1.3690494196714067
2020-05-12,1.3173871774196555
2020-05-13,1.3014550573601584
2020-05-14,1.3214917139809566
2020-05-15,1.3235326278249426
2020-05-18,1.3499002817333616
2020-05-19,1.3328661035887575
2020-05-20,1.355752389855257
2020-05-21,1.3443690784374966
2020-05-22,1.350002212368097
2020-05-26,1.356668889960038
2020-05-27,1.3617063103109446
2020-05-28,1.3499977435842814
2020-05-29,1.363353038656838
2020-06-01,1.3567313760232922
2020-06-02,1.3686788834836159
2020-06-03,1.3805593556343152
2020-06-04,1.3833716061735704
2020-06-05,1.3978653030764179
2020-06-08,1.39013771601104
2020-06-09,1.3730447642675805
2020-06-10,1.3745358536043415
2020-06-11,1.2429606290373019
2020-06-12,1.2769221379168443
2020-06-15,1.2854774252271923
2020-06-16,1.29154457531676
2020-06-17,1.2888912511136923
2020-06-18,1.289274564496923
2020-06-19,1.2762186195399923
2020-06-22,1.3026293804829885
2020-06-23,1.3001579887729813
2020-06-24,1.286718610972039
2020-06-25,1.2974492501700188
2020-06-26,1.2784966115505967
2020-06-29,1.2947902685841164
2020-06-30,1.3064063297717232
2020-07-01,1.315292008451952
2020-07-02,1.3219070562731687
2020-07-06,1.3203157666095553
2020-07-07,1.3083539314590755
2020-07-08,1.317340172689048
2020-07-09,1.3110936824544512
2020-07-10,1.3236732413597214
2020-07-13,1.295612748667126
2020-07-14,1.313525383684048
2020-07-15,1.3250533701737646
2020-07-16,1.326924584112227
2020-07-17,1.3429656279734947
2020-07-20,1.360245034350448
2020-07-21,1.359694884690448
2020-07-22,1.3522858510099955
2020-07-23,1.3371501745124525
2020-07-24,1.3376148661456455
2020-07-27,1.3487907605886378
2020-07-28,1.3487907605886378
2020-07-29,1.3561411189569683
2020-07-30,1.3520891566967794
2020-07-31,1.3555719990507362
2020-08-03,1.3560773380997766
2020-08-04,1.3651938244063297
2020-08-05,1.3709975469448685
2020-08-06,1.3758697988392432
2020-08-07,1.378635366274096
2020-08-10,1.3881528490057344
2020-08-11,1.3747238203928502
2020-08-12,1.3929247776939393
2020-08-13,1.3935232416156123
2020-08-14,1.392923231608458
2020-08-17,1.4108771293305864
2020-08-18,1.4108771293305864
2020-08-19,1.4117194440346643
2020-08-20,1.4154876179558245
2020-08-21,1.4149405696010589
2020-08-24,1.4160321341677715
2020-08-25,1.4198703626050124
2020-08-26,1.4131820625652636
2020-08-27,1.4028846669032349
2020-08-28,1.4036633262928204
2020-08-31,1.3940277895446136
2020-09-01,1.3895268926456354
2020-09-02,1.3841306717033224
2020-09-03,1.3361954103456317
2020-09-04,1.3695263364487182
2020-09-08,1.3642145142331499
2020-09-09,1.3809145761112729
2020-09-10,1.3770212486720164
2020-09-11,1.4004700900916267
2020-09-14,1.4068539993342097
2020-09-15,1.4106821734820578
2020-09-16,1.4023987589461435
2020-09-17,1.4088307270461422
2020-09-18,1.40646889850122
2020-09-21,1.3957128603746936
2020-09-22,1.3943719032630446
2020-09-23,1.3845946341405626
2020-09-24,1.386726419566491
2020-09-25,1.3953329450564305
2020-09-28,1.3989078573255904
2020-09-29,1.4084381298329183
2020-09-30,1.4027618048764128
2020-10-01,1.3999909173606073
2020-10-02,1.3872118641622058
2020-10-05,1.39802411563658
2020-10-06,1.394395829205082
2020-10-07,1.4051133632005735
2020-10-08,1.4228966463984491
2020-10-09,1.4355446165886576
2020-10-12,1.4414203340891134
2020-10-13,1.4364924013229967
2020-10-14,1.4332733707317968
2020-10-15,1.4279796556044404
2020-10-16,1.424872537586806
2020-10-19,1.411582246653261
2020-10-20,1.4106145810171662
2020-10-21,1.412590164204927
2020-10-22,1.4164569636279003
2020-10-23,1.4169483624010584
2020-10-26,1.3918347684888241
2020-10-27,1.3918347684888241
2020-10-28,1.3502907777933078
2020-10-29,1.3718579221608398
2020-10-30,1.363782079298308
2020-11-02,1.3695811526560282
2020-11-03,1.3855852470241434
2020-11-04,1.4124812534102924
2020-11-05,1.418454742411499
2020-11-06,1.4419467021418064
2020-11-09,1.4408146537004782
2020-11-10,1.4509552846942646
2020-11-11,1.460951734477366
2020-11-12,1.4358104874202529
2020-11-13,1.4641105202157827
2020-11-16,1.4691321211425679
2020-11-17,1.4684912783416333
2020-11-18,1.4757138905049676
2020-11-19,1.4804599050271947
2020-11-20,1.4816696781875849
2020-11-23,1.4850129328460593
2020-11-24,1.491174812235462
2020-11-25,1.5034959600484246
2020-11-27,1.500837845643919
2020-11-30,1.5067557166672685
2020-12-01,1.5006950232817913
2020-12-02,1.502667459237912
2020-12-03,1.4986912719146803
2020-12-04,1.505214411291893
2020-12-07,1.505214411291893
2020-12-08,1.5199484344502563
2020-12-09,1.5035934337520782
2020-12-10,1.5035934337520782
2020-12-11,1.4889079484945662
2020-12-14,1.4807150158679294
2020-12-15,1.497794323980927
2020-12-16,1.4915739759687656
2020-12-17,1.4949779829678644
2020-12-18,1.4905856027450837
2020-12-21,1.4640726013312104
2020-12-22,1.4701902836159753
2020-12-23,1.4833093433727813
2020-12-24,1.492947089360178
2020-12-28,1.4948269807633596
2020-12-29,1.48283048123453
2020-12-30,1.494271609820705
2020-12-31,1.494271609820705
2021-01-04,1.4614512830157729
2021-01-05,1.4720193417702163
2021-01-06,1.474344347640732
2021-01-07,1.496642889017985
2021-01-08,1.502442581591144
2021-01-11,1.4800131423928569
2021-01-12,1.4939213353550778
2021-01-13,1.5022475850269388
2021-01-14,1.4956224578603372
2021-01-15,1.4878781344539407
2021-01-19,1.4947621132043059
2021-01-20,1.5029358392915804
2021-01-21,1.5059690095020577
2021-01-22,1.5016706270080662
2021-01-25,1.488649105229347
2021-01-26,1.4948896902236235
2021-01-27,1.422824117223662
2021-01-28,1.4331078749469468
2021-01-29,1.4143298833867233
2021-02-01,1.4322848449056442
2021-02-02,1.4582773614183266
2021-02-03,1.4772997269183659
2021-02-04,1.4950873338927508
2021-02-05,1.4966683594049535
2021-02-08,1.4999151683093486
2021-02-09,1.5016241148176936
2021-02-10,1.5011274190371438
2021-02-11,1.5141689349377305
2021-02-12,1.5321789443038856
2021-02-16,1.5338661100842925
2021-02-17,1.5112182287010372
2021-02-18,1.5088368793515918
2021-02-19,1.5205664359800444
2021-02-22,1.5070241555854063
2021-02-23,1.5204647368449213
2021-02-24,1.5326110063808127
2021-02-25,1.475130433650497
2021-02-26,1.4905075508982475
2021-03-01,1.5142335972693906
2021-03-02,1.5123979985668288
2021-03-03,1.4957564296344863
2021-03-04,1.479801312729343
2021-03-05,1.5063668676353081
2021-03-08,1.5025664793813052
2021-03-09,1.5190820523876916
2021-03-10,1.5250107091383733
2021-03-11,1.5330118119195475
2021-03-12,1.5452072135113857
2021-03-15,1.5716035132429653
2021-03-16,1.5744213689595747
2021-03-17,1.560517420884869
2021-03-18,1.542911270202637
2021-03-19,1.5554208639267504
2021-03-22,1.5765556410956114
2021-03-23,1.5605659092242077
2021-03-24,1.558590682369367
2021-03-25,1.567705834840123
2021-03-26,1.5806337009930393
2021-03-29,1.571508761817012
2021-03-30,1.5853803092155767
2021-03-31,1.589874409853907
2021-04-01,1.5998672927077782
2021-04-05,1.6084727215887034
2021-04-06,1.6081648925215648
2021-04-07,1.61761936635419
2021-04-08,1.6260934220888148
2021-04-09,1.6320424049307716
2021-04-12,1.6346787776649974
2021-04-13,1.6405950329848251
2021-04-14,1.6327846643379682
2021-04-15,1.6498640886484217
2021-04-16,1.6527574564058973
2021-04-19,1.6400209809567827
2021-04-20,1.6215262775684318
2021-04-21,1.6106179260619777
2021-04-22,1.5917646224799684
2021-04-23,1.6028046515164358
2021-04-26,1.606361419050366
2021-04-27,1.6142449137280974
2021-04-28,1.615000056635485
2021-04-29,1.6165573006788658
2021-04-30,1.6021896648101148
2021-05-03,1.613252440301748
2021-05-04,1.5998950593599215
2021-05-05,1.6087847061059284
2021-05-06,1.6134423417224524
2021-05-07,1.636346123212377
2021-05-10,1.6150514468745039
2021-05-11,1.5859220099405928
2021-05-12,1.5152280063391108
2021-05-13,1.553490685720671
2021-05-14,1.6022588966608384
2021-05-17,1.5892758023353197
2021-05-18,1.5695159393232085
2021-05-19,1.5091486854475946
2021-05-20,1.5257075624166427
2021-05-21,1.5292665872556113
2021-05-24,1.5445051397457945
2021-05-25,1.5453340586718753
2021-05-26,1.5614284890937666
2021-05-27,1.5782385599591682
2021-05-28,1.5685924417712012
2021-06-01,1.5616931697884546
2021-06-02,1.5717604689065123
2021-06-03,1.5657524185006588
2021-06-04,1.58461792271403
2021-06-07,1.5931632454116933
2021-06-08,1.5883699974458088
2021-06-09,1.5798785550421954
2021-06-10,1.6052636121908466
2021-06-11,1.6119607973185273
2021-06-14,1.6138911959773505
2021-06-15,1.6011381259968591
2021-06-16,1.6146465059434616
2021-06-17,1.6164304093348314
2021-06-18,1.5862067241064335
2021-06-21,1.6073635804640498
2021-06-22,1.6249481423925345
2021-06-23,1.6315975995348564
2021-06-24,1.6364513486908532
2021-06-25,1.6448340295137283
2021-06-28,1.6444697848708016
2021-06-29,1.6369254515820477
2021-06-30,1.6409798847055395
2021-07-01,1.6488588026083444
2021-07-02,1.6489135333781106
2021-07-06,1.6389448861996856
2021-07-07,1.6380379378608307
2021-07-08,1.6108741982258612
2021-07-09,1.639700975384801
2021-07-12,1.6475308373153366
2021-07-13,1.6406471965876797
2021-07-14,1.6533622077355754
2021-07-15,1.6443810767191906
2021-07-16,1.6234802513374305
2021-07-19,1.5517300748837952
2021-07-20,1.589699622736018
2021-07-21,1.6065253729735043
2021-07-22,1.5992022850945917
2021-07-23,1.6022970387447881
2021-07-26,1.6057238736046249
2021-07-27,1.5967189356791311
2021-07-28,1.6060581231279902
2021-07-29,1.6124427730274302
2021-07-30,1.603201325599773
2021-08-02,1.5893534112198269
2021-08-03,1.608848345494643
2021-08-04,1.608898590349155
2021-08-05,1.6175958214364656
2021-08-06,1.6278225843668073
2021-08-09,1.6326845362854236
2021-08-10,1.6405807205423095
2021-08-11,1.6503141855016503
2021-08-12,1.658667787685733
2021-08-13,1.6659218009478023
2021-08-16,1.668466110595092
2021-08-17,1.6467368264329914
2021-08-18,1.627976877354762
2021-08-19,1.6183736303250968
2021-08-20,1.644716923276607
2021-08-23,1.655621717051626
2021-08-24,1.657560399796667
2021-08-25,1.6659243985297898
2021-08-26,1.6505044980771113
2021-08-27,1.669697459953881
2021-08-30,1.673342922173008
2021-08-31,1.6755709515839456
2021-09-01,1.6853015942226741
2021-09-02,1.687488324423745
2021-09-03,1.6801684098072458
2021-09-07,1.6714054025175271
2021-09-08,1.672569885183767
2021-09-09,1.6617710614038659
2021-09-10,1.640268473375438
2021-09-13,1.6613737610357113
2021-09-14,1.6541938163953145
2021-09-15,1.6529352362661778
2021-09-16,1.6574138412810588
2021-09-17,1.6351258840330627
2021-09-20,1.5974827411114227
2021-09-21,1.6109807189712728
2021-09-22,1.6292705971263413
2021-09-23,1.6513850440486113
2021-09-24,1.6639133676414923
2021-09-27,1.6590420749110446
2021-09-28,1.6192910033787848
2021-09-29,1.6124750706825806
2021-09-30,1.61420598880536
2021-10-01,1.6265420525545455
2021-10-04,1.6163807868447613
2021-10-05,1.6295920504691728
2021-10-06,1.637637347044089
2021-10-07,1.654861904140316
2021-10-08,1.66119113574177
2021-10-11,1.6538847896482396
2021-10-12,1.661002473524982
2021-10-13,1.6705437878366352
2021-10-14,1.697571728852755
2021-10-15,1.7058409460759212
2021-10-18,1.7168611114871646
2021-10-19,1.7303600327067403
2021-10-20,1.7436850850046832
2021-10-21,1.7548393253351526
2021-10-22,1.7472578623369992
2021-10-25,1.7573398848684514
2021-10-26,1.750251980489278
2021-10-27,1.74239070900446
2021-10-28,1.754984807309405
2021-10-29,1.7525570389609828
2021-11-01,1.7596384545683996
2021-11-02,1.7701466134925228
2021-11-03,1.7848765974127592
2021-11-04,1.778693932946102
2021-11-05,1.7575181535087032
2021-11-08,1.7564811852975668
2021-11-09,1.7487769622176599
2021-11-10,1.7371795788998805
2021-11-11,1.7508444284051257
2021-11-12,1.7758692918369008
2021-11-15,1.7843743621842978
2021-11-16,1.7886146010060355
2021-11-17,1.7983907552443203
2021-11-18,1.7943991606804104
2021-11-19,1.7891488832757123
2021-11-22,1.7830673219783868
2021-11-23,1.7930123546995274
2021-11-24,1.7967617848046715
2021-11-26,1.6873878405776979
2021-11-29,1.742535081873265
2021-11-30,1.687876670416683
2021-12-01,1.659701256921607
2021-12-02,1.6822580797993962
2021-12-03,1.6460579342674435
2021-12-06,1.6790362722114236
2021-12-07,1.7220109133661792
2021-12-08,1.748241680616007
2021-12-09,1.7358098218530138
2021-12-10,1.7642962516328022
2021-12-13,1.7502763457706039
2021-12-14,1.7383448658011842
2021-12-15,1.774440162821569
2021-12-16,1.749400908738998
2021-12-17,1.7383091568445168
2021-12-20,1.7096006664858578
2021-12-21,1.7356289242029717
2021-12-22,1.739625237681248
2021-12-23,1.7420015852103707
2021-12-27,1.752404452637915
2021-12-28,1.7603266592630284
2021-12-29,1.769300419675998
2021-12-30,1.7704199837985686
2021-12-31,1.7752029113466943
2022-01-03,1.7899408535327404
2022-01-04,1.7897244409530093
2022-01-05,1.753581287270312
2022-01-06,1.7523134449186404
2022-01-07,1.7599044274960063
2022-01-10,1.7684390753030417
2022-01-11,1.7853101230445603
2022-01-12,1.7923292910496929
2022-01-13,1.7569233265059716
2022-01-14,1.7698261503499964
2022-01-18,1.7166836713329787
2022-01-19,1.714098745545033
2022-01-20,1.7013210052879484
2022-01-21,1.669390485527407
2022-01-24,1.6601023055998005
2022-01-25,1.65896435394759
2022-01-26,1.653445173420157
2022-01-27,1.6512127077195868
2022-01-28,1.673585702498005
2022-01-31,1.6987591756224978
2022-02-01,1.727556801624508
2022-02-02,1.738492166759957
2022-02-03,1.6800101802786274
2022-02-04,1.6991969769944708
2022-02-07,1.7077303268016537
2022-02-08,1.727087698900348
2022-02-09,1.7449765982717902
2022-02-10,1.694456976676058
2022-02-11,1.6441464664571264
2022-02-14,1.637958602356
2022-02-15,1.6721091843234341
2022-02-16,1.6591095339062547
2022-02-17,1.6171306180138068
2022-02-18,1.6103273400069207
2022-02-22,1.6124795385322637
2022-02-23,1.5927653742248447
2022-02-24,1.6047970222809589
2022-02-25,1.6193167401964919
2022-02-28,1.6031611191375044
2022-03-01,1.5638654115169093
2022-03-02,1.5882998805712505
2022-03-03,1.5851763233595983
2022-03-04,1.5679844138333725
2022-03-07,1.535328060127984
2022-03-08,1.5431955661783316
2022-03-09,1.5595681274410294
2022-03-10,1.5761138938527135
2022-03-11,1.570031329079475
2022-03-14,1.5619164147447235
2022-03-15,1.5572370892596565
2022-03-16,1.5895210441337995
2022-03-17,1.5944475545610248
2022-03-18,1.6117796439836292
2022-03-21,1.6137735774449038
2022-03-22,1.6198925164235054
2022-03-23,1.6212714296056652
2022-03-24,1.6294401496097282
2022-03-25,1.640321259413925
2022-03-28,1.6467636003198738
2022-03-29,1.6645442299758548
2022-03-30,1.6596959537493103
2022-03-31,1.6386545886446862
2022-04-01,1.6545265457408858
2022-04-04,1.674833620940487
2022-04-05,1.638175986599731
2022-04-06,1.6318883955555705
2022-04-07,1.641875727139107
2022-04-08,1.643725051626673
2022-04-11,1.6170096183989218
2022-04-12,1.612298178549327
2022-04-13,1.6428959559125187
2022-04-14,1.6322459334633876
2022-04-18,1.6387871549822262
2022-04-19,1.664533016846807
2022-04-20,1.6778956227317585
2022-04-21,1.653100724668556
2022-04-22,1.6089496579966742
2022-04-25,1.617346257493135
2022-04-26,1.5812203661669684
2022-04-27,1.57576104445313
2022-04-28,1.5919578246316393
2022-04-29,1.565737970512463
2022-05-02,1.5726740046454875
2022-05-03,1.5936238841245811
2022-05-04,1.6280976743065272
2022-05-05,1.5577574338959748
2022-05-06,1.5628821495937992
2022-05-09,1.5323973297551052
2022-05-10,1.5465608848338903
2022-05-11,1.5474364414084876
2022-05-12,1.5561766063805287
2022-05-13,1.5804276359284868
2022-05-16,1.5939565628479102
2022-05-17,1.6053604571711684
2022-05-18,1.5923093742178511
2022-05-19,1.6148758678951973
2022-05-20,1.6133716060063705
2022-05-23,1.617129983632794
2022-05-24,1.6159532703085964
2022-05-25,1.6237004112375366
2022-05-26,1.628514643427256
2022-05-27,1.6423929613238217
2022-05-31,1.6479617834371545
2022-06-01,1.6506896370951802
2022-06-02,1.6581712022698574
2022-06-03,1.6534739325096373
2022-06-06,1.6582797170754635
2022-06-07,1.6700096670936897
2022-06-08,1.6697552461399703
2022-06-09,1.6464293887218195
2022-06-10,1.6231926434199249
2022-06-13,1.563754226663046
2022-06-14,1.572044735406412
2022-06-15,1.5873060877017038
2022-06-16,1.5673264102676452
2022-06-17,1.5773292215023875
2022-06-21,1.5832420367576732
2022-06-22,1.5969458406599322
2022-06-23,1.5969810708468652
2022-06-24,1.6028157419085753
2022-06-27,1.6148109412917897
2022-06-28,1.603956307008655
2022-06-29,1.6039517781535506
2022-06-30,1.6013613169197352
2022-07-01,1.6111537274613652
2022-07-05,1.6107219762006566
2022-07-06,1.616849738635678
2022-07-07,1.6209954919537575
2022-07-08,1.630667129861057
2022-07-11,1.6164318922192895
2022-07-12,1.6140309682213563
2022-07-13,1.6202106054818868
2022-07-14,1.6201780367373046
2022-07-15,1.6401957502860474
2022-07-18,1.633753811298706
2022-07-19,1.6448346764738544
2022-07-20,1.6509291102328392
2022-07-21,1.6575244301163432
2022-07-22,1.6606059265300432
2022-07-25,1.6643862460080288
2022-07-26,1.6546537111124178
2022-07-27,1.6667834048850623
2022-07-28,1.6845592454381182
2022-07-29,1.6881352059101178
2022-08-01,1.6766203759624771
2022-08-02,1.6711212849150452
2022-08-03,1.6907864880329817
2022-08-04,1.6902507129385584
2022-08-05,1.7012154386206568
2022-08-08,1.6980127192013823
2022-08-09,1.6930653122345094
2022-08-10,1.717196408854926
2022-08-11,1.7148028683561356
2022-08-12,1.719792661953399
2022-08-15,1.7321423556569768
2022-08-16,1.7393572127811956
2022-08-17,1.737454413074404
2022-08-18,1.7416545193557469
2022-08-19,1.7249512226510009
2022-08-22,1.7003609991042392
2022-08-23,1.7068224341191152
2022-08-24,1.720030830955146
2022-08-25,1.7306603659238784
2022-08-26,1.6927801454363018
2022-08-29,1.6947509454620042
2022-08-30,1.6891121503322963
2022-08-31,1.6976263970146084
2022-09-01,1.6998996482776159
2022-09-02,1.6957184360067443
2022-09-06,1.6849751745004915
2022-09-07,1.7084168070075103
2022-09-08,1.7163836455032715
2022-09-09,1.72155762164317
2022-09-12,1.7219932297195957
2022-09-13,1.6813077893495292
2022-09-14,1.6854430081337286
2022-09-15,1.6861116701514087
2022-09-16,1.687942085305569
2022-09-19,1.6936649921568108
2022-09-20,1.6775825963141386
2022-09-21,1.681930657976962
2022-09-22,1.6831379679028207
2022-09-23,1.6620073843225203
2022-09-26,1.6501459220730583
2022-09-27,1.6452549328244248
2022-09-28,1.6608891273267636
2022-09-29,1.649206412346728
2022-09-30,1.6431006092430271
2022-10-03,1.6590196452890438
2022-10-04,1.672179258658524
2022-10-05,1.6702701807094793
2022-10-06,1.6592558767381937
2022-10-07,1.645068685246843
2022-10-10,1.6354782866215067
2022-10-11,1.6288951755468468
2022-10-12,1.6346689659199614
2022-10-13,1.6460641686699427
2022-10-14,1.6367598967242467
2022-10-17,1.6444480757334672
2022-10-18,1.6478593516729678
2022-10-19,1.63810134812305
2022-10-20,1.642788597044345
2022-10-21,1.6425418736401785
2022-10-24,1.649477870893519
2022-10-25,1.662592861729301
2022-10-26,1.670825189806353
2022-10-27,1.6777449186880145
2022-10-28,1.6859496537798508
2022-10-31,1.6908919011484154
2022-11-01,1.6940455821936369
2022-11-02,1.6832934086653968
2022-11-03,1.6931891817698221
2022-11-04,1.6950558380681646
2022-11-07,1.700005167924467
2022-11-08,1.687221964876093
2022-11-09,1.6774573997322832
2022-11-10,1.705280320136079
2022-11-11,1.714692363592528
2022-11-14,1.710582829493563
2022-11-15,1.705684762555953
2022-11-16,1.7008835347017035
2022-11-17,1.704788461656707
2022-11-18,1.7082521973083737
2022-11-21,1.7180229957218587
2022-11-22,1.7304807708406442
2022-11-23,1.7387431652489889
2022-11-25,1.7374346024140457
2022-11-28,1.723273601389874
2022-11-29,1.7286282503621586
2022-11-30,1.7423989344019453
2022-12-01,1.751020351423898
2022-12-02,1.7570359914303657
2022-12-05,1.7490645678672057
2022-12-06,1.7367223669931013
2022-12-07,1.7303495423147959
2022-12-08,1.73737777937523
2022-12-09,1.7264591491425796
2022-12-12,1.7264486864784836
2022-12-13,1.7475795102747573
2022-12-14,1.7646987551627382
2022-12-15,1.7359296361097365
2022-12-16,1.7337009226824953
2022-12-19,1.738391422045265
2022-12-20,1.7487870765328106
2022-12-21,1.7688887510385332
2022-12-22,1.7497894781523051
2022-12-23,1.7588112947356669
2022-12-27,1.7614580488740492
2022-12-28,1.760020485679858
2022-12-29,1.765087959867971
2022-12-30,1.7667763042117444
2023-01-03,1.7674907218773246
2023-01-04,1.7774647448478078
2023-01-05,1.7734878450213818
2023-01-06,1.780626705927854
2023-01-09,1.7794843168933827
2023-01-10,1.798216656099999
2023-01-11,1.7964180046987737
2023-01-12,1.8198116709851284
2023-01-13,1.825709990952035
2023-01-17,1.8291425369686258
2023-01-18,1.8334134245157918
2023-01-19,1.8324378538656028
2023-01-20,1.8435461935787594
2023-01-23,1.8493375480254375
2023-01-24,1.863676178040097
2023-01-25,1.8635248434465377
2023-01-26,1.868903008469737
2023-01-27,1.8756032133551372
2023-01-30,1.8614199452949167
2023-01-31,1.871120672839393
2023-02-01,1.885976023823151
2023-02-02,1.874946183136856
2023-02-03,1.8742000480365917
2023-02-06,1.8611137076226816
2023-02-07,1.875952472747718
2023-02-08,1.8595933189618672
2023-02-09,1.8455362906117325
2023-02-10,1.8434061059579556
2023-02-13,1.8613025685544973
2023-02-14,1.8849586003757492
2023-02-15,1.8841277546049484
2023-02-16,1.8633023093677117
2023-02-17,1.8617578126636496
2023-02-21,1.8327925404189254
2023-02-22,1.84383998714766
2023-02-23,1.857758298078112
2023-02-24,1.8435951575575928
2023-02-27,1.857813922497953
2023-02-28,1.867498519045897
2023-03-01,1.8628872340337408
2023-03-02,1.8776133982738321
2023-03-03,1.8906724541801272
2023-03-06,1.8960676155959655
2023-03-07,1.8855831218765693
2023-03-08,1.894106221834099
2023-03-09,1.8452220101208496
2023-03-10,1.804850688609663
2023-03-13,1.7870625254343562
2023-03-14,1.81059711704763
2023-03-15,1.778341771367692
2023-03-16,1.8168863228998637
2023-03-17,1.7755413144162082
2023-03-20,1.7958482950343098
2023-03-21,1.8341530080712294
2023-03-22,1.849627622812242
2023-03-23,1.838237064958055
2023-03-24,1.8534067172510718
2023-03-27,1.8686766670566108
2023-03-28,1.878208282595214
2023-03-29,1.8915135742932043
2023-03-30,1.8933787993993112
2023-03-31,1.8945333152965238
2023-04-03,1.9046555220754509
2023-04-04,1.897300599047035
2023-04-05,1.900640265145155
2023-04-06,1.9088373022170453
2023-04-10,1.9121642309471647
2023-04-11,1.912886458196583
2023-04-12,1.9093019613983677
2023-04-13,1.9326057842935314
2023-04-14,1.9404850868420436
2023-04-17,1.9602850703515786
2023-04-18,1.9684949459275687
2023-04-19,1.9754516885478732
2023-04-20,1.9665543307955595
2023-04-21,1.9750658621724453
2023-04-24,1.9767368267317766
2023-04-25,1.942099797258603
2023-04-26,1.9530874804412817
2023-04-27,1.9718047919166244
2023-04-28,1.9922872829028455
2023-05-01,1.9980536027544245
2023-05-02,1.9723011415867937
2023-05-03,1.9597801162528248
2023-05-04,1.935493657472574
2023-05-05,1.9702696115626666
2023-05-08,1.976086395667981
2023-05-09,1.9673904965617897
2023-05-10,1.9789353735964332
2023-05-11,1.9841256382523877
2023-05-12,1.985407632219651
2023-05-15,2.0012989449329535
2023-05-16,1.9904835436351302
2023-05-17,2.0157864850824994
2023-05-18,2.0326177448563487
2023-05-19,2.0219765785956016
2023-05-22,2.021513495174288
2023-05-23,2.0138101424419275
2023-05-24,1.9947085919683167
2023-05-25,2.0055464152327533
2023-05-26,2.022118160400112
2023-05-30,2.034823648979313
2023-05-31,2.037010062537925
2023-06-01,2.0620695265913254
2023-06-02,2.0797357229004056
2023-06-05,2.0906557989420005
2023-06-06,2.1181056810973797
2023-06-07,2.1172044822941554
2023-06-08,2.1292136080297603
2023-06-09,2.122828534283299
2023-06-12,2.113773168369032
2023-06-13,2.1203931406250724
2023-06-14,2.135372411318419
2023-06-15,2.125980125032339
2023-06-16,2.147308901338033
2023-06-20,2.1568888203145433
2023-06-21,2.1748939070202646
2023-06-22,2.185650752958812
2023-06-23,2.1807804844056156
2023-06-26,2.1796596610763066
2023-06-27,2.1914902187746033
2023-06-28,2.207538840081638
2023-06-29,2.197634821726011
2023-06-30,2.206727533829525
2023-07-03,2.210149865252318
2023-07-05,2.198638080676279
2023-07-06,2.1732399084686826
2023-07-07,2.1813950029214397
2023-07-10,2.183793424853929
2023-07-11,2.1899455405709007
2023-07-12,2.2254042826398006
2023-07-13,2.228552426160235
2023-07-14,2.2407218992567324
2023-07-17,2.2441564781994385
2023-07-18,2.257225958003129
2023-07-19,2.266733390140281
2023-07-20,2.268415091115047
2023-07-21,2.2751433196447963
2023-07-24,2.2818648371582175
2023-07-25,2.282879632318692
2023-07-26,2.296517823186202
2023-07-27,2.2718339355690755
2023-07-28,2.2920876785320403
2023-07-31,2.2959168470648215
2023-08-01,2.2894600926070723
2023-08-02,2.239947578887545
2023-08-03,2.238711076110824
2023-08-04,2.2184122598716725
2023-08-07,2.249160044775398
2023-08-08,2.24360557479499
2023-08-09,2.2476478868002583
2023-08-10,2.256989425405695
2023-08-11,2.275420734921977
2023-08-14,2.2904779688389785
2023-08-15,2.2495302905417143
2023-08-16,2.246542526629861
2023-08-17,2.22551369719639
